{"mean": -61.83854450179465, "std": 19.05739723757685}